microbe_level,diet_type,id,compound,nat_lab,ion,ret_time,type_delete.this,width,area,start_time,end_time,ratio,standard_mass,total_natural_compound_ng,sample_wt_g,conc_sample_ngperg,num_sal_glands,avg_ratio_blanks,stdev_ratio_blanks,ratio_minus_blanks,adjusted_total_natural_compound,adjusted_conc_sample_ngperg,lower_blank_stdev,upper_blank_stdev,adjusted_low_stdev,adjusted_high_stdev,,,,,,
nonaxenic,benzoic,NB1,BA,nat ,137,6.88,M,0.03,5409679,6.85,6.939,2.073309444,200,414.6618887,0.1231,3368.496253,,0.10780587,0.018653462,1.965503574,393.1007147,3193.344555,0.089152408,0.126459332,144.8455037,205.4578914,,,,,,
,,,BA,lab,143,6.881,M,0.028,2609200,6.854,6.933,1.089364914,200,217.8729829,0.1231,1769.886132,,0.10780587,0.018653462,0.981559044,196.3118089,1594.734434,0.089152408,0.126459332,144.8455037,205.4578914,,,,,,
axenic,SA,528AS1,BA,nat ,137,6.884,M,0.032,2395157,6.853,6.928,0.103023004,200,20.60460087,0.0976,211.1127139,,0.10780587,0.018653462,-0.004782865,-0.956573098,-9.800953875,0.089152408,0.126459332,182.6893597,259.1379758,,,,,,
,,,BA,lab,143,6.884,M,0.035,23248759,6.846,6.963,42.31701963,200,8463.403926,0.0976,86715.20416,,0.10780587,0.018653462,42.20921376,8441.842752,86494.29049,0.089152408,0.126459332,182.6893597,259.1379758,,,,,,
axenic,SA,528AS2,BA,nat ,137,6.883,M,0.03,549395,6.853,6.931,0.131482777,200,26.29655547,0.0801,328.2965727,,0.10780587,0.018653462,0.023676908,4.735381502,59.11837082,0.089152408,0.126459332,222.6027654,315.7536384,,,,,,
,,,BA,lab,143,6.884,M,0.032,4178456,6.844,6.954,1.273206051,200,254.6412102,0.0801,3179.041326,,0.10780587,0.018653462,1.165400181,233.0800362,2909.863124,0.089152408,0.126459332,222.6027654,315.7536384,,,,,,
axenic,IAA,528AI,BA,nat ,137,6.883,M,0.037,3281838,6.851,6.941,0.145618038,200,29.12360769,0.0563,517.2932093,,0.10780587,0.018653462,0.037812169,7.562433714,134.323867,0.089152408,0.126459332,316.7048225,449.2338621,,,,,,
,,,BA,lab,143,6.883,M,0.039,22537304,6.845,6.976,19.03657334,200,3807.314669,0.0563,67625.48257,,0.10780587,0.018653462,18.92876747,3785.753495,67242.51323,0.089152408,0.126459332,316.7048225,449.2338621,,,,,,
axenic,IAA,533AI,BA,nat ,137,6.884,M,0.038,1183895,6.854,6.953,0.143851469,200,28.77029379,0.1372,209.6960189,,0.10780587,0.018653462,0.036045599,7.209119815,52.54460507,0.089152408,0.126459332,129.9597777,184.3430498,,,,,,
,,,BA,lab,143,6.885,M,0.04,8229982,6.843,6.968,3.017892143,200,603.5784285,0.1372,4399.259683,,0.10780587,0.018653462,2.910086273,582.0172545,4242.108269,0.089152408,0.126459332,129.9597777,184.3430498,,,,,,
axenic,control,528AC1,BA,nat ,137,6.884,M,0.034,2727063,6.852,6.918,0.12149751,200,24.29950195,0.1171,207.5106913,,0.10780587,0.018653462,0.01369164,2.73832798,23.38452588,0.089152408,0.126459332,152.267135,215.9851959,,,,,,
,,,BA,lab,143,6.884,M,0.038,22445423,6.845,6.963,13.58098915,200,2716.19783,0.1171,23195.54082,,0.10780587,0.018653462,13.47318328,2694.636656,23011.41466,0.089152408,0.126459332,152.267135,215.9851959,,,,,,
nonaxenic,SA,NS1,BA,nat ,137,6.885,M,0.037,1652709,6.851,6.931,0.143155024,200,28.63100471,0.1519,188.485877,,0.10780587,0.018653462,0.035349154,7.069830741,46.54266452,0.089152408,0.126459332,117.3830251,166.5033998,,,,,,
,,,BA,lab,143,6.885,M,0.04,11544890,6.846,6.962,71.7729231,200,14354.58462,0.1519,94500.22792,,0.10780587,0.018653462,71.66511723,14333.02345,94358.28471,0.089152408,0.126459332,117.3830251,166.5033998,,,,,,
nonaxenic,SA,NS2,BA,nat ,137,6.882,M,0.03,160853,6.855,6.919,0.126827972,200,25.36559442,0.1565,162.0804756,,0.10780587,0.018653462,0.019022102,3.804420453,24.30939586,0.089152408,0.126459332,113.9327892,161.6093702,,,,,,
,,,BA,lab,143,6.884,M,0.033,1268277,6.843,6.929,0.666145457,200,133.2290914,0.1565,851.3040983,,0.10780587,0.018653462,0.558339587,111.6679174,713.5330186,0.089152408,0.126459332,113.9327892,161.6093702,,,,,,
nonaxenic,IAA,NI1,BA,nat ,137,6.884,M,0.034,1903904,6.852,6.931,0.133603979,200,26.72079585,0.0766,348.8354549,,0.10780587,0.018653462,0.025798109,5.159621877,67.35798794,0.089152408,0.126459332,232.77391,330.181024,,,,,,
,,,BA,lab,143,6.884,M,0.035,14250354,6.844,6.948,9.189632546,200,1837.926509,0.0766,23993.81866,,0.10780587,0.018653462,9.081826676,1816.365335,23712.34119,0.089152408,0.126459332,232.77391,330.181024,,,,,,
nonaxenic,IAA,NC1,BA,nat ,137,6.885,M,0.037,1550699,6.854,6.938,0.159111981,200,31.82239615,0.1856,171.4568758,,0.10780587,0.018653462,0.051306111,10.26122218,55.28675744,0.089152408,0.126459332,96.06940467,136.2708321,,,,,,
,,,BA,lab,143,6.885,M,0.04,9745960,6.851,6.967,35.18714685,200,7037.429371,0.1856,37917.18411,,0.10780587,0.018653462,35.07934098,7015.868197,37801.01399,0.089152408,0.126459332,96.06940467,136.2708321,,,,,,
nonaxenic,control,NC2,BA,nat ,137,6.883,M,0.034,276975,6.852,6.948,0.150781877,200,30.15637546,0.1219,247.386181,,0.10780587,0.018653462,0.042976007,8.595201493,70.51026655,0.089152408,0.126459332,146.2713823,207.4804466,,,,,,
,,,BA,lab,143,6.884,M,0.036,1836925,6.85,6.971,30.6931727,200,6138.634541,0.1219,50357.95358,,0.10780587,0.018653462,30.58536683,6117.073367,50181.07766,0.089152408,0.126459332,146.2713823,207.4804466,,,,,,
nonaxenic,control,NC1I,BA,nat ,137,6.884,M,0.034,59848,6.86,6.914,0.127837456,200,25.56749125,0.0961,266.0508975,,0.10780587,0.018653462,0.020031586,4.006317276,41.68904553,0.089152408,0.126459332,185.5409106,263.1827933,,,,,,
,,,BA,lab,143,6.883,M,0.038,468157,6.855,6.943,0.641500773,200,128.3001546,0.0961,1335.069246,,0.10780587,0.018653462,0.533694903,106.7389806,1110.707394,0.089152408,0.126459332,185.5409106,263.1827933,,,,,,
nonaxenic,control,NC2I,BA,nat ,137,6.885,M,0.043,729784,6.85,6.962,0.123800686,200,24.76013727,0.1118,221.468133,,0.10780587,0.018653462,0.015994817,3.198963301,28.61326745,0.089152408,0.126459332,159.4855233,226.2242078,,,,,,
,,,BA,lab,143,6.886,M,0.044,5894830,6.844,6.961,24.7099484,200,4941.98968,0.1118,44203.84329,,0.10780587,0.018653462,24.60214253,4920.428506,44010.98842,0.089152408,0.126459332,159.4855233,226.2242078,,,,,,
mix,mix,533AC2+NI2,BA,nat ,137,6.884,M,0.03,238561,6.856,6.924,0.151316849,200,30.26336988,0,#DIV/0!,,0.10780587,0.018653462,0.04351098,8.702195909,#DIV/0!,0.089152408,0.126459332,#DIV/0!,#DIV/0!,,,,,,
,,,BA,lab,143,6.885,M,0.036,1576566,6.848,6.948,#DIV/0!,200,#DIV/0!,0,#DIV/0!,,0.10780587,0.018653462,#DIV/0!,#DIV/0!,#DIV/0!,0.089152408,0.126459332,#DIV/0!,#DIV/0!,,,,,,
blank,blank,B7,BA,wrong looking,wrong looking,wrong looking,,,,,,#DIV/0!,200,#DIV/0!,0,#DIV/0!,,0.10780587,0.018653462,#DIV/0!,#DIV/0!,#DIV/0!,0.089152408,0.126459332,#DIV/0!,#DIV/0!,,,,,,
,,,BA,wrong looking,wrong looking,wrong looking,,,,,,0,200,0,0,#DIV/0!,,0.10780587,0.018653462,-0.10780587,-21.56117397,#DIV/0!,0.089152408,0.126459332,#DIV/0!,#DIV/0!,,,,,,
blank,blank,B8,BA,nat ,137,6.892,M,0.042,559039,6.857,6.957,0.118644348,200,23.72886967,0,#DIV/0!,,0.10780587,0.018653462,0.010838479,2.167695702,#DIV/0!,0.089152408,0.126459332,#DIV/0!,#DIV/0!,,,,,,
,,,BA,lab,143,6.892,M,0.049,4711889,6.854,6.983,193.8331071,200,38766.62142,0,#DIV/0!,,0.10780587,0.018653462,193.7253012,38745.06024,#DIV/0!,0.089152408,0.126459332,#DIV/0!,#DIV/0!,,,,,,
blank,blank,B9,BA,nat ,137,6.88,M,0.023,24309,6.86,6.906,0.079901787,200,15.98035735,0,#DIV/0!,,0.10780587,0.018653462,-0.027904083,-5.580816618,#DIV/0!,0.089152408,0.126459332,#DIV/0!,#DIV/0!,,,,,,
,,,BA,lab,143,6.882,M,0.034,304236,6.854,6.935,1.902426213,200,380.4852426,0,#DIV/0!,,0.10780587,0.018653462,1.794620343,358.9240686,#DIV/0!,0.089152408,0.126459332,#DIV/0!,#DIV/0!,,,,,,
blank,blank,B10,BA,nat ,137,6.881,M,0.027,159920,6.849,6.916,0.090196134,200,18.03922675,0,#DIV/0!,,0.10780587,0.018653462,-0.017609736,-3.521947227,#DIV/0!,0.089152408,0.126459332,#DIV/0!,#DIV/0!,,,,,,
,,,BA,lab,143,6.88,M,0.031,1773025,6.842,6.947,0.611165593,200,122.2331186,0,#DIV/0!,,0.10780587,0.018653462,0.503359723,100.6719447,#DIV/0!,0.089152408,0.126459332,#DIV/0!,#DIV/0!,,,,,,
blank,blank,B11,BA,nat ,137,6.885,M,0.028,2901055,6.859,6.924,0.110730198,200,22.14603956,0,#DIV/0!,,0.10780587,0.018653462,0.002924328,0.584865588,#DIV/0!,0.089152408,0.126459332,#DIV/0!,#DIV/0!,,,,,,
,,,BA,lab,143,6.886,M,0.032,26199312,6.851,6.956,#DIV/0!,200,#DIV/0!,0,#DIV/0!,,0.10780587,0.018653462,#DIV/0!,#DIV/0!,#DIV/0!,0.089152408,0.126459332,#DIV/0!,#DIV/0!,,,,,,
blank,blank,B12,BA,wrong looking,wrong looking,wrong looking,,,,,,#DIV/0!,200,#DIV/0!,0,#DIV/0!,,0.10780587,0.018653462,#DIV/0!,#DIV/0!,#DIV/0!,0.089152408,0.126459332,#DIV/0!,#DIV/0!,,,,,,
,,,BA,wrong looking,wrong looking,wrong looking,,,,,,0,200,0,0,#DIV/0!,,0.10780587,0.018653462,-0.10780587,-21.56117397,#DIV/0!,0.089152408,0.126459332,#DIV/0!,#DIV/0!,,,,,,
blank,blank,B13,BA,nat ,137,6.887,M,0.041,1501206,6.849,6.954,0.126916334,200,25.38326686,0,#DIV/0!,,0.10780587,0.018653462,0.019110464,3.822092888,#DIV/0!,0.089152408,0.126459332,#DIV/0!,#DIV/0!,,,,,,
,,,BA,lab,143,6.887,M,0.042,11828312,6.843,6.972,5.109369061,200,1021.873812,0,#DIV/0!,,0.10780587,0.018653462,5.001563191,1000.312638,#DIV/0!,0.089152408,0.126459332,#DIV/0!,#DIV/0!,,,,,,
blank,blank,B14,BA,nat ,137,6.884,M,0.035,2315024,6.854,6.942,0.120446418,200,24.08928364,0,#DIV/0!,,0.10780587,0.018653462,0.012640548,2.528109665,#DIV/0!,0.089152408,0.126459332,#DIV/0!,#DIV/0!,,,,,,
,,,BA,lab,143,6.885,M,0.039,19220364,6.845,6.972,#DIV/0!,200,#DIV/0!,0,#DIV/0!,,0.10780587,0.018653462,#DIV/0!,#DIV/0!,#DIV/0!,0.089152408,0.126459332,#DIV/0!,#DIV/0!,,,,,,
diet,SA,SD1,BA,wrong looking,wrong looking,wrong looking,,,,,,#DIV/0!,200,#DIV/0!,0.1106,#DIV/0!,,0.10780587,0.018653462,#DIV/0!,#DIV/0!,#DIV/0!,0.089152408,0.126459332,161.2159268,228.67872,,,,,,
,,,BA,wrong looking,wrong looking,wrong looking,,,,,,0,200,0,0.1106,0,,0.10780587,0.018653462,-0.10780587,-21.56117397,-194.9473234,0.089152408,0.126459332,161.2159268,228.67872,,,,,,
diet,SA,SD2,BA,nat ,137,6.885,M,0.028,3536885,6.856,6.919,0.131648062,200,26.32961235,0.1081,243.5671818,,0.10780587,0.018653462,0.023842192,4.768438381,44.11136337,0.089152408,0.126459332,164.9443248,233.9673121,,,,,,
,,,BA,lab,143,6.885,M,0.031,26866214,6.851,6.942,11.9030476,200,2380.60952,0.1081,22022.28973,,0.10780587,0.018653462,11.79524173,2359.048346,21822.83391,0.089152408,0.126459332,164.9443248,233.9673121,,,,,,
diet,SA,SD3,BA,nat ,137,6.886,M,0.028,2257087,6.86,6.919,0.141615174,200,28.32303479,0.108,262.2503221,,0.10780587,0.018653462,0.033809304,6.761860815,62.60982236,0.089152408,0.126459332,165.097051,234.1839485,,,,,,
,,,BA,lab,143,6.886,M,0.03,15938172,6.855,6.937,4.992450011,200,998.4900022,0.108,9245.277798,,0.10780587,0.018653462,4.884644141,976.9288282,9045.637298,0.089152408,0.126459332,165.097051,234.1839485,,,,,,
diet,IAA,ID1,BA,nat ,137,6.884,M,0.029,3192455,6.856,6.919,0.117683725,200,23.53674492,0.1126,209.0297062,,0.10780587,0.018653462,0.009877855,1.975570944,17.54503502,0.089152408,0.126459332,158.3524113,224.6169311,,,,,,
,,,BA,lab,143,6.884,M,0.034,27127413,6.851,6.941,6.634488002,200,1326.8976,0.1126,11784.17052,,0.10780587,0.018653462,6.526682133,1305.336427,11592.68585,0.089152408,0.126459332,158.3524113,224.6169311,,,,,,
diet,IAA,ID2,BA,nat ,137,6.884,M,0.03,4088848,6.856,6.924,0.165364529,200,33.07290586,0.1005,329.0836404,,0.10780587,0.018653462,0.057558659,11.51173189,114.5445959,0.089152408,0.126459332,177.4177264,251.6603626,,,,,,
,,,BA,lab,143,6.885,M,0.033,24726270,6.851,6.95,6.199597479,200,1239.919496,0.1005,12337.50742,,0.10780587,0.018653462,6.09179161,1218.358322,12122.96838,0.089152408,0.126459332,177.4177264,251.6603626,,,,,,
diet,control,CD3,BA,nat ,137,6.885,M,0.027,3988367,6.856,6.921,0.130822998,200,26.16459968,0.1019,256.7674159,,0.10780587,0.018653462,0.023017129,4.603425709,45.17591471,0.089152408,0.126459332,174.9801914,248.202811,,,,,,
,,,BA,lab,143,6.885,M,0.031,30486742,6.854,6.951,73.4917798,200,14698.35596,0.1019,144242.9437,,0.10780587,0.018653462,73.38397393,14676.79479,144031.3522,0.089152408,0.126459332,174.9801914,248.202811,,,,,,
diet,control,CD4,BA,nat ,137,6.885,M,0.028,414832,6.86,6.92,0.10660447,200,21.32089402,0.1116,191.0474375,,0.10780587,0.018653462,-0.0012014,-0.240279951,-2.153046156,0.089152408,0.126459332,159.7713397,226.6296276,,,,,,
,,,BA,lab,143,6.885,M,0.032,3891319,6.854,6.941,2.814562921,200,562.9125843,0.1116,5044.019572,,0.10780587,0.018653462,2.706757052,541.3514103,4850.819089,0.089152408,0.126459332,159.7713397,226.6296276,,,,,,
diet,control,CD5,BA,nat ,137,6.884,M,0.028,1382566,6.856,6.918,0.129063883,200,25.81277659,0.0959,269.1634681,,0.10780587,0.018653462,0.021258013,4.251602621,44.33370825,0.089152408,0.126459332,185.9278572,263.7316625,,,,,,
,,,BA,lab,143,6.884,M,0.032,10712261,6.848,6.946,3.517153421,200,703.4306842,0.0959,7335.043631,,0.10780587,0.018653462,3.409347551,681.8695102,7110.213871,0.089152408,0.126459332,185.9278572,263.7316625,,,,,,
diet,control,CD6,BA,nat ,137,6.883,M,0.033,3045719,6.854,6.927,0.131014851,200,26.2029701,0.1112,235.6382204,,0.10780587,0.018653462,0.023208981,4.641796133,41.74277098,0.089152408,0.126459332,160.3460567,227.4448421,,,,,,
,,,,lab,143,6.884,M,0.037,23247128,6.845,6.954,83.27975783,200,16655.95157,0.1112,149783.7371,,0.10780587,0.018653462,83.17195196,16634.39039,149589.8417,0.089152408,0.126459332,160.3460567,227.4448421,,,,,,
nonaxenic,benzoic,NB1,SA,nat,153,7.928,M,0.03,279145,7.897,7.963,0.026349951,200,5.269990121,0.1231,42.81064273,,0.006183935,0.004057761,0.020166015,4.033203054,32.76363163,0.002126174,0.010241696,3.454385439,16.63963677,,,,,,
,,,SA,lab,157,7.913,M,0.037,10593758,7.871,7.972,40.91517843,200,8183.035687,0.1231,66474.70095,,0.006183935,0.004057761,40.9089945,8181.7989,66464.65394,0.002126174,0.010241696,3.454385439,16.63963677,,,,,,
axenic,SA,528AS1,SA,nat,153,7.935,M,0.038,258920,7.896,7.997,0.103458706,200,20.69174124,0.0976,212.0055455,,0.006183935,0.004057761,0.097274771,19.45495418,199.3335469,0.002126174,0.010241696,4.356914421,20.98708285,,,,,,
,,,SA,lab,157,7.918,M,0.044,2502641,7.872,7.989,4.268292933,200,853.6585865,0.0976,8746.501911,,0.006183935,0.004057761,4.262108997,852.4217994,8733.829912,0.002126174,0.010241696,4.356914421,20.98708285,,,,,,
axenic,SA,528AS2,SA,nat,153,7.954,M,0.066,586333,7.894,8.014,0.346689459,200,69.33789174,0.0801,865.6415948,,0.006183935,0.004057761,0.340505523,68.10110467,850.2010571,0.002126174,0.010241696,5.308799594,25.57227574,,,,,,
,,,SA,lab,157,7.939,M,0.059,1691234,7.88,7.989,7.81654234,200,1563.308468,0.0801,19516.95965,,0.006183935,0.004057761,7.810358405,1562.071681,19501.51911,0.002126174,0.010241696,5.308799594,25.57227574,,,,,,
axenic,IAA,528AI,SA,nat,153,7.949,M,0.072,216366,7.907,8.018,0.031064213,200,6.212842534,0.0563,110.3524429,,0.006183935,0.004057761,0.024880277,4.976055466,88.38464416,0.002126174,0.010241696,7.553016829,36.38258058,,,,,,
,,,SA,lab,157,7.928,M,0.054,6965121,7.875,8.001,#DIV/0!,200,#DIV/0!,0.0563,#DIV/0!,,0.006183935,0.004057761,#DIV/0!,#DIV/0!,#DIV/0!,0.002126174,0.010241696,7.553016829,36.38258058,,,,,,
axenic,IAA,533AI,SA,wrong looking,wrong looking,wrong looking,,,,,,#DIV/0!,200,#DIV/0!,0.1372,#DIV/0!,,0.006183935,0.004057761,#DIV/0!,#DIV/0!,#DIV/0!,0.002126174,0.010241696,3.099379355,14.92958664,,,,,,
,,,SA,wrong looking,wrong looking,wrong looking,,,,,,0,200,0,0.1372,0,,0.006183935,0.004057761,-0.006183935,-1.236787067,-9.014482996,0.002126174,0.010241696,3.099379355,14.92958664,,,,,,
axenic,control,528AC1,SA,nat,153,7.946,M,0.057,253596,7.896,8.007,0.033001393,200,6.600278512,0.1171,56.3644621,,0.006183935,0.004057761,0.026817457,5.363491445,45.80265965,0.002126174,0.010241696,3.631382131,17.49222277,,,,,,
,,,SA,lab,157,7.929,M,0.053,7684403,7.869,7.996,5.317373975,200,1063.474795,0.1171,9081.765969,,0.006183935,0.004057761,5.31119004,1062.238008,9071.204167,0.002126174,0.010241696,3.631382131,17.49222277,,,,,,
nonaxenic,SA,NS1,SA,nat,153,7.947,M,0.059,1445150,7.885,8.058,5.231653103,200,1046.330621,0.1519,6888.28585,,0.006183935,0.004057761,5.225469168,1045.093834,6880.143736,0.002126174,0.010241696,2.799439417,13.48478793,,,,,,
,,,SA,lab,157,7.932,M,0.057,276232,7.877,7.995,0.014886809,200,2.977361738,0.1519,19.60080143,,0.006183935,0.004057761,0.008702873,1.740574671,11.45868776,0.002126174,0.010241696,2.799439417,13.48478793,,,,,,
nonaxenic,SA,NS2,SA,nat,153,7.932,M,0.042,18555488,7.885,8.015,6.834527027,200,1366.905405,0.1565,8734.219842,,0.006183935,0.004057761,6.828343091,1365.668618,8726.31705,0.002126174,0.010241696,2.717155575,13.08842995,,,,,,
,,,SA,lab,157,7.917,M,0.036,2714963,7.88,7.952,169.420468,200,33884.0936,0.1565,216511.7802,,0.006183935,0.004057761,169.4142841,33882.85682,216503.8774,0.002126174,0.010241696,2.717155575,13.08842995,,,,,,
nonaxenic,IAA,NI1,SA,nat,153,7.939,M,0.029,16025,7.918,7.964,0.051057634,200,10.21152676,0.0766,133.3097488,,0.006183935,0.004057761,0.044873698,8.974739692,117.1637035,0.002126174,0.010241696,5.551368766,26.74072176,,,,,,
,,,SA,lab,157,7.924,M,0.038,313861,7.891,7.964,3.489632092,200,697.9264184,0.0766,9111.310946,,0.006183935,0.004057761,3.483448157,696.6896314,9095.1649,0.002126174,0.010241696,5.551368766,26.74072176,,,,,,
nonaxenic,IAA,NC1,SA,nat,153,7.978,M,0.085,89941,7.922,8.031,0.081058014,200,16.21160287,0.1856,87.3469982,,0.006183935,0.004057761,0.074874079,14.9748158,80.68327477,0.002126174,0.010241696,2.291136032,11.03631081,,,,,,
,,,SA,lab,157,7.946,M,0.058,1109588,7.887,7.993,3.513678351,200,702.7356701,0.1856,3786.291326,,0.006183935,0.004057761,3.507494415,701.498883,3779.627603,0.002126174,0.010241696,2.291136032,11.03631081,,,,,,
nonaxenic,control,NC2,SA,nat,153,7.945,M,0.052,315791,7.895,8.009,1.584333813,200,316.8667627,0.1219,2599.399201,,0.006183935,0.004057761,1.578149878,315.6299756,2589.253286,0.002126174,0.010241696,3.488390874,16.80343959,,,,,,
,,,SA,lab,157,7.931,M,0.044,199321,7.889,7.971,70.48125884,200,14096.25177,0.1219,115637.8324,,0.006183935,0.004057761,70.4750749,14095.01498,115627.6865,0.002126174,0.010241696,3.488390874,16.80343959,,,,,,
nonaxenic,control,NC1I,SA,nat,153,7.955,M,0.051,2828,7.924,8.007,0.040334313,200,8.066862538,0.0961,83.94237813,,0.006183935,0.004057761,0.034150377,6.830075471,71.07258555,0.002126174,0.010241696,4.424920369,21.31466479,,,,,,
,,,SA,lab,157,7.942,M,0.061,70114,7.884,7.996,0.544071887,200,108.8143774,0.0961,1132.303615,,0.006183935,0.004057761,0.537887952,107.5775903,1119.433822,0.002126174,0.010241696,4.424920369,21.31466479,,,,,,
nonaxenic,control,NC2I,SA,nat,153,7.987,M,0.071,128869,7.929,8.024,0.087047123,200,17.40942456,0.1118,155.719361,,0.006183935,0.004057761,0.080863187,16.17263749,144.6568649,0.002126174,0.010241696,3.803531731,18.32146052,,,,,,
,,,SA,lab,157,7.959,M,0.084,1480451,7.878,8.061,14.4421563,200,2888.43126,0.1118,25835.7,,0.006183935,0.004057761,14.43597236,2887.194473,25824.6375,0.002126174,0.010241696,3.803531731,18.32146052,,,,,,
mix,mix,533AC2+NI2,SA,nat,153,7.942,M,0.041,102509,7.902,7.975,0.040939309,200,8.187861782,0,#DIV/0!,,0.006183935,0.004057761,0.034755374,6.951074715,#DIV/0!,0.002126174,0.010241696,#DIV/0!,#DIV/0!,,,,,,
,,,SA,lab,157,7.926,M,0.047,2503926,7.873,7.993,#DIV/0!,200,#DIV/0!,0,#DIV/0!,,0.006183935,0.004057761,#DIV/0!,#DIV/0!,#DIV/0!,0.002126174,0.010241696,#DIV/0!,#DIV/0!,,,,,,
blank,blank,B7,SA,wrong looking,wrong looking,wrong looking,,,,,,#DIV/0!,200,#DIV/0!,0,#DIV/0!,,0.006183935,0.004057761,#DIV/0!,#DIV/0!,#DIV/0!,0.002126174,0.010241696,#DIV/0!,#DIV/0!,,,,,,
,,,SA,wrong looking,wrong looking,wrong looking,,,,,,0,200,0,0,#DIV/0!,,0.006183935,0.004057761,-0.006183935,-1.236787067,#DIV/0!,0.002126174,0.010241696,#DIV/0!,#DIV/0!,,,,,,
blank,blank,B8,SA,nat,153,7.966,M,0.131,54917,7.901,8.1,0.012658806,200,2.531761115,0,#DIV/0!,,0.006183935,0.004057761,0.00647487,1.294974048,#DIV/0!,0.002126174,0.010241696,#DIV/0!,#DIV/0!,,,,,,
,,,SA,lab,157,7.96,M,0.109,4338245,7.875,8.086,9844.210216,200,1968842.043,0,#DIV/0!,,0.006183935,0.004057761,9844.204032,1968840.806,#DIV/0!,0.002126174,0.010241696,#DIV/0!,#DIV/0!,,,,,,
blank,blank,B9,SA,nat,153,7.972,M,0.009,440.69,7.965,7.981,0.001394968,200,0.27899365,0,#DIV/0!,,0.006183935,0.004057761,-0.004788967,-0.957793417,#DIV/0!,0.002126174,0.010241696,#DIV/0!,#DIV/0!,,,,,,
,,,SA,lab,157,7.933,M,0.059,315914,7.881,8.005,8.335021899,200,1667.00438,0,#DIV/0!,,0.006183935,0.004057761,8.328837963,1665.767593,#DIV/0!,0.002126174,0.010241696,#DIV/0!,#DIV/0!,,,,,,
blank,blank,B10,SA,nat,153,7.978,M,0.051,37902,7.922,7.983,0.004782509,200,0.956501781,0,#DIV/0!,,0.006183935,0.004057761,-0.001401426,-0.280285286,#DIV/0!,0.002126174,0.010241696,#DIV/0!,#DIV/0!,,,,,,
,,,SA,lab,157,7.94,M,0.071,7925129,7.875,8.05,45.67139605,200,9134.27921,0,#DIV/0!,,0.006183935,0.004057761,45.66521212,9133.042423,#DIV/0!,0.002126174,0.010241696,#DIV/0!,#DIV/0!,,,,,,
blank,blank,B11,SA,nat,153,7.928,M,0.031,173525,7.9,7.959,0.004639849,200,0.927969785,0,#DIV/0!,,0.006183935,0.004057761,-0.001544086,-0.308817282,#DIV/0!,0.002126174,0.010241696,#DIV/0!,#DIV/0!,,,,,,
,,,SA,lab,157,7.912,M,0.038,37398847,7.869,7.987,1234.163185,200,246832.637,0,#DIV/0!,,0.006183935,0.004057761,1234.157001,246831.4002,#DIV/0!,0.002126174,0.010241696,#DIV/0!,#DIV/0!,,,,,,
blank,blank,B12,SA,nat,153,7.958,M,0.054,30303,7.928,8.005,0.003731902,200,0.746380413,0,#DIV/0!,,0.006183935,0.004057761,-0.002452033,-0.490406654,#DIV/0!,0.002126174,0.010241696,#DIV/0!,#DIV/0!,,,,,,
,,,SA,lab,157,7.948,M,0.079,8119988,7.878,8.059,50.70017545,200,10140.03509,0,#DIV/0!,,0.006183935,0.004057761,50.69399152,10138.7983,#DIV/0!,0.002126174,0.010241696,#DIV/0!,#DIV/0!,,,,,,
blank,blank,B13,SA,nat,153,7.957,M,0.078,160157,7.895,8.008,0.010928146,200,2.185629259,0,#DIV/0!,,0.006183935,0.004057761,0.004744211,0.948842192,#DIV/0!,0.002126174,0.010241696,#DIV/0!,#DIV/0!,,,,,,
,,,SA,lab,157,7.933,M,0.076,14655459,7.863,8.073,173.1525538,200,34630.51076,0,#DIV/0!,,0.006183935,0.004057761,173.1463699,34629.27397,#DIV/0!,0.002126174,0.010241696,#DIV/0!,#DIV/0!,,,,,,
blank,blank,B14,SA,nat,153,7.943,M,0.052,84639,7.913,7.997,0.005151367,200,1.030273466,0,#DIV/0!,,0.006183935,0.004057761,-0.001032568,-0.206513601,#DIV/0!,0.002126174,0.010241696,#DIV/0!,#DIV/0!,,,,,,
,,,SA,lab,157,7.931,M,0.063,16430395,7.863,8.034,#DIV/0!,200,#DIV/0!,0,#DIV/0!,,0.006183935,0.004057761,#DIV/0!,#DIV/0!,#DIV/0!,0.002126174,0.010241696,#DIV/0!,#DIV/0!,,,,,,
diet,SA,SD1,SA,wrong looking,wrong looking,wrong looking,,,,,,#DIV/0!,200,#DIV/0!,0.1106,#DIV/0!,,0.006183935,0.004057761,#DIV/0!,#DIV/0!,#DIV/0!,0.002126174,0.010241696,3.844799706,18.52024671,,,,,,
,,,SA,wrong looking,wrong looking,wrong looking,,,,,,0,200,0,0.1106,0,,0.006183935,0.004057761,-0.006183935,-1.236787067,-11.18252321,0.002126174,0.010241696,3.844799706,18.52024671,,,,,,
diet,SA,SD2,SA,nat,153,7.921,M,0.088,454748893,7.882,8,29.46977113,200,5893.954227,0.1081,54523.16584,,0.006183935,0.004057761,29.4635872,5892.71744,54511.7247,0.002126174,0.010241696,3.933717368,18.94855954,,,,,,
,,,SA,lab,157,7.934,M,0.055,15431029,7.883,7.977,0.036852059,200,7.370411756,0.1081,68.18142235,,0.006183935,0.004057761,0.030668123,6.133624689,56.74028389,0.002126174,0.010241696,3.933717368,18.94855954,,,,,,
diet,SA,SD3,SA,nat,153,7.933,M,0.081,418729089,7.882,8.016,82.73370331,200,16546.74066,0.108,153210.5617,,0.006183935,0.004057761,82.72751938,16545.50388,153199.11,0.002126174,0.010241696,3.937359699,18.96610451,,,,,,
,,,SA,lab,157,7.938,M,0.059,5061167,7.883,7.983,6.120192947,200,1224.038589,0.108,11333.69064,,0.006183935,0.004057761,6.114009012,1222.801802,11322.23891,0.002126174,0.010241696,3.937359699,18.96610451,,,,,,
diet,IAA,ID1,SA,nat,153,7.933,M,0.039,826962,7.9,7.983,0.035226161,200,7.045232256,0.1126,62.56867013,,0.006183935,0.004057761,0.029042226,5.808445189,51.58477078,0.002126174,0.010241696,3.776508415,18.19129029,,,,,,
,,,SA,lab,157,7.915,M,0.038,23475791,7.875,7.979,115.5037516,200,23100.75032,0.1126,205157.6405,,0.006183935,0.004057761,115.4975677,23099.51353,205146.6566,0.002126174,0.010241696,3.776508415,18.19129029,,,,,,
diet,IAA,ID2,SA,nat,153,7.933,M,0.04,203247,7.901,7.973,0.012300447,200,2.460089378,0.1005,24.47850127,,0.006183935,0.004057761,0.006116512,1.223302311,12.1721623,0.002126174,0.010241696,4.231192512,20.38148544,,,,,,
,,,SA,lab,157,7.918,M,0.04,16523546,7.873,7.981,6.949665693,200,1389.933139,0.1005,13830.18048,,0.006183935,0.004057761,6.943481757,1388.696351,13817.87414,0.002126174,0.010241696,4.231192512,20.38148544,,,,,,
diet,control,CD3,SA,nat,153,7.928,M,0.034,2377603,7.895,7.987,0.092332075,200,18.46641495,0.1019,181.2209514,,0.006183935,0.004057761,0.086148139,17.22962788,169.0836887,0.002126174,0.010241696,4.173060329,20.10146503,,,,,,
,,,SA,lab,157,7.914,M,0.036,25750564,7.873,7.987,67.23613073,200,13447.22615,0.1019,131964.9278,,0.006183935,0.004057761,67.22994679,13445.98936,131952.7906,0.002126174,0.010241696,4.173060329,20.10146503,,,,,,
diet,control,CD4,SA,nat,153,7.935,M,0.04,382987,7.904,7.99,0.035895419,200,7.179083826,0.1116,64.32870812,,0.006183935,0.004057761,0.029711484,5.942296759,53.24638673,0.002126174,0.010241696,3.810348096,18.35429468,,,,,,
,,,SA,lab,157,7.918,M,0.036,10669523,7.875,7.985,49.42889241,200,9885.778482,0.1116,88582.24446,,0.006183935,0.004057761,49.42270847,9884.541695,88571.16214,0.002126174,0.010241696,3.810348096,18.35429468,,,,,,
diet,control,CD5,SA,nat,153,7.927,M,0.033,215856,7.901,7.962,0.009137812,200,1.827562406,0.0959,19.05695939,,0.006183935,0.004057761,0.002953877,0.590775339,6.160326783,0.002126174,0.010241696,4.434148566,21.35911665,,,,,,
,,,SA,lab,157,7.912,M,0.031,23622285,7.866,7.964,154.0195407,200,30803.90814,0.0959,321208.6355,,0.006183935,0.004057761,154.0133568,30802.67136,321195.7389,0.002126174,0.010241696,4.434148566,21.35911665,,,,,,
diet,control,CD6,SA,nat,153,7.935,M,0.047,153372,7.897,8.002,0.010241472,200,2.048294487,0.1112,18.41991445,,0.006183935,0.004057761,0.004057537,0.81150742,7.297728595,0.002126174,0.010241696,3.824054384,18.42031733,,,,,,
,,,,lab,157,7.918,M,0.039,14975581,7.87,7.976,380.8642167,200,76172.84334,0.1112,685007.584,,0.006183935,0.004057761,380.8580327,76171.60655,684996.4618,0.002126174,0.010241696,3.824054384,18.42031733,,,,,,
nonaxenic,benzoic,NB1,IAA,nat,190,12.95,M,0.053,39320,12.918,12.998,0.006648329,200,1.329665818,0.1231,10.80150949,,0.028566168,0.03116887,-0.021917838,-4.383567698,-35.60981071,-0.002602703,0.059735038,-4.228599312,97.0512397,,,,,,
,,,IAA,lab,195,12.942,M,0.093,5914268,12.893,13.067,2523.151877,200,504630.3754,0.1231,4099353.172,,0.028566168,0.03116887,2523.123311,504624.6622,4099306.76,-0.002602703,0.059735038,-4.228599312,97.0512397,,,,,,
axenic,SA,528AS1,IAA,nat,190,12.972,M,0.042,2344,12.95,13.004,0.302412592,200,60.48251838,0.0976,619.6979343,,0.028566168,0.03116887,0.273846424,54.76928487,561.1607056,-0.002602703,0.059735038,-5.333407534,122.4078648,,,,,,
,,,IAA,lab,195,12.95,M,0.061,7751,12.947,13.019,1.54587156,200,309.1743119,0.0976,3167.769589,,0.028566168,0.03116887,1.517305392,303.4610784,3109.232361,-0.002602703,0.059735038,-5.333407534,122.4078648,,,,,,
axenic,SA,528AS2,IAA,nat,190,12.995,M,0.042,5014,12.952,13.008,0.120303278,200,24.0606555,0.0801,300.3827154,,0.028566168,0.03116887,0.09173711,18.34742199,229.0564543,-0.002602703,0.059735038,-6.498633899,149.1511561,,,,,,
,,,IAA,lab,195,12.972,M,0.03,41678,12.929,12.982,0.027039459,200,5.407891775,0.0801,67.51425437,,0.028566168,0.03116887,-0.001526709,-0.305341741,-3.812006759,-0.002602703,0.059735038,-6.498633899,149.1511561,,,,,,
axenic,IAA,528AI,IAA,nat,190,12.961,M,0.059,1541377,12.921,13.04,5.3958636,200,1079.17272,0.0563,19168.25435,,0.028566168,0.03116887,5.367297432,1073.459486,19066.77596,-0.002602703,0.059735038,-9.245836152,212.2026218,,,,,,
,,,IAA,lab,195,12.944,M,0.044,285659,12.914,12.997,0.264044575,200,52.80891502,0.0563,937.9913859,,0.028566168,0.03116887,0.235478408,47.09568151,836.5129931,-0.002602703,0.059735038,-9.245836152,212.2026218,,,,,,
axenic,IAA,533AI,IAA,nat,190,13,M,0.079,1081859,12.936,13.052,9.488576265,200,1897.715253,0.1372,13831.74383,,0.028566168,0.03116887,9.460010097,1892.002019,13790.10218,-0.002602703,0.059735038,-3.794027517,87.07731492,,,,,,
,,,IAA,lab,195,13.019,M,0.073,114017,12.934,13.025,10.1114757,200,2022.29514,0.1372,14739.7605,,0.028566168,0.03116887,10.08290953,2016.581907,14698.11885,-0.002602703,0.059735038,-3.794027517,87.07731492,,,,,,
axenic,control,528AC1,IAA,nat,190,12.97,M,0.026,11276,12.958,12.999,0.065973543,200,13.19470854,0.1171,112.6789799,,0.028566168,0.03116887,0.037407375,7.481475027,63.88962448,-0.002602703,0.059735038,-4.445265374,102.0239762,,,,,,
,,,IAA,lab,195,12.961,M,0.042,170917,12.921,12.996,22.10228889,200,4420.457778,0.1171,37749.42595,,0.028566168,0.03116887,22.07372272,4414.744545,37700.63659,-0.002602703,0.059735038,-4.445265374,102.0239762,,,,,,
nonaxenic,SA,NS1,IAA,nat,190,13.004,M,0.033,7733,12.974,13.013,0.089455723,200,17.89114466,0.1519,117.7823875,,0.028566168,0.03116887,0.060889556,12.17791114,80.17058027,-0.002602703,0.059735038,-3.426863564,78.650478,,,,,,
,,,IAA,lab,195,12.988,M,0.047,86445,12.936,13.003,16.33503401,200,3267.006803,0.1519,21507.61555,,0.028566168,0.03116887,16.30646785,3261.293569,21470.00375,-0.002602703,0.059735038,-3.426863564,78.650478,,,,,,
nonaxenic,SA,NS2,IAA,nat,190,12.998,M,0.015,5292,12.985,13.004,0.121493182,200,24.2986363,0.1565,155.2628518,,0.028566168,0.03116887,0.092927014,18.58540278,118.7565673,-0.002602703,0.059735038,-3.326137862,76.33870676,,,,,,
,,,IAA,lab,195,13.001,M,0.044,43558,12.969,13.014,0.028887182,200,5.777436457,0.1565,36.91652688,,0.028566168,0.03116887,0.000321015,0.06420294,0.410242431,-0.002602703,0.059735038,-3.326137862,76.33870676,,,,,,
nonaxenic,IAA,NI1,IAA,nat,190,13.007,M,0.092,1507866,12.941,13.09,7.756272955,200,1551.254591,0.0766,20251.36542,,0.028566168,0.03116887,7.727706787,1545.541357,20176.78012,-0.002602703,0.059735038,-6.795568869,155.9661568,,,,,,
,,,IAA,lab,195,12.997,M,0.065,194406,12.941,13.026,31.46237255,200,6292.47451,0.0766,82147.18682,,0.028566168,0.03116887,31.43380638,6286.761277,82072.60153,-0.002602703,0.059735038,-6.795568869,155.9661568,,,,,,
nonaxenic,IAA,NC1,IAA,nat,190,12.97,M,0.032,6179,12.947,12.997,0.059470645,200,11.89412897,0.1856,64.08474661,,0.028566168,0.03116887,0.030904477,6.180895454,33.30223844,-0.002602703,0.059735038,-2.804636721,64.36965306,,,,,,
,,,IAA,lab,195,12.979,M,0.053,103900,12.932,12.999,254.1274306,200,50825.48612,0.1856,273844.214,,0.028566168,0.03116887,254.0988644,50819.77289,273813.4315,-0.002602703,0.059735038,-2.804636721,64.36965306,,,,,,
nonaxenic,control,NC2,IAA,nat,190,12.977,M,0.011,408.85,12.964,12.981,0.02389259,200,4.778517999,0.1219,39.20031172,,0.028566168,0.03116887,-0.004673578,-0.934715517,-7.667887753,-0.002602703,0.059735038,-4.270226213,98.00662516,,,,,,
,,,IAA,lab,195,12.977,M,0.026,17112,12.97,13,1.017783858,200,203.5567715,0.1219,1669.866871,,0.028566168,0.03116887,0.98921769,197.843538,1622.998671,-0.002602703,0.059735038,-4.270226213,98.00662516,,,,,,
nonaxenic,control,NC1I,IAA,nat,190,13.012,M,0.059,16813,12.942,13.01,0.810577572,200,162.1155144,0.0961,1686.94604,,0.028566168,0.03116887,0.782011404,156.4022809,1627.495119,-0.002602703,0.059735038,-5.416655311,124.3184975,,,,,,
,,,IAA,lab,195,12.918,M,0.069,20742,12.917,13,3.183241252,200,636.6482505,0.0961,6624.851722,,0.028566168,0.03116887,3.154675085,630.9350169,6565.400801,-0.002602703,0.059735038,-5.416655311,124.3184975,,,,,,
nonaxenic,control,NC2I,IAA,nat,190,13.002,M,0.03,6516,12.957,13.002,0.078445536,200,15.68910719,0.1118,140.3319069,,0.028566168,0.03116887,0.049879368,9.975873678,89.22963934,-0.002602703,0.059735038,-4.655997991,106.8605332,,,,,,
,,,IAA,lab,195,13.017,M,0.054,83064,12.961,13.028,0.121037262,200,24.20745248,0.1118,216.5246197,,0.028566168,0.03116887,0.092471095,18.49421897,165.4223521,-0.002602703,0.059735038,-4.655997991,106.8605332,,,,,,
mix,mix,533AC2+NI2,IAA,nat,190,13.006,M,0.092,686268,12.946,13.07,4.806101225,200,961.220245,0,#DIV/0!,,0.028566168,0.03116887,4.777535057,955.5070115,#DIV/0!,-0.002602703,0.059735038,#DIV/0!,#DIV/0!,,,,,,
,,,IAA,lab,195,12.985,M,0.063,142791,12.936,13.016,#DIV/0!,200,#DIV/0!,0,#DIV/0!,,0.028566168,0.03116887,#DIV/0!,#DIV/0!,#DIV/0!,-0.002602703,0.059735038,#DIV/0!,#DIV/0!,,,,,,
blank,blank,B7,IAA,wrong looking,wrong looking,wrong looking,,,,,,#DIV/0!,200,#DIV/0!,0,#DIV/0!,,0.028566168,0.03116887,#DIV/0!,#DIV/0!,#DIV/0!,-0.002602703,0.059735038,#DIV/0!,#DIV/0!,,,,,,
,,,IAA,wrong looking,wrong looking,wrong looking,,,,,,#DIV/0!,200,#DIV/0!,0,#DIV/0!,,0.028566168,0.03116887,#DIV/0!,#DIV/0!,#DIV/0!,-0.002602703,0.059735038,#DIV/0!,#DIV/0!,,,,,,
blank,blank,B8,IAA,wrong looking,wrong looking,wrong looking,,,,,,#DIV/0!,200,#DIV/0!,0,#DIV/0!,,0.028566168,0.03116887,#DIV/0!,#DIV/0!,#DIV/0!,-0.002602703,0.059735038,#DIV/0!,#DIV/0!,,,,,,
,,,IAA,wrong looking,wrong looking,wrong looking,,,,,,0,200,0,0,#DIV/0!,,0.028566168,0.03116887,-0.028566168,-5.713233516,#DIV/0!,-0.002602703,0.059735038,#DIV/0!,#DIV/0!,,,,,,
blank,blank,B9,IAA,nat,190,12.975,M,0.058,18036,12.934,13.005,0.00584067,200,1.168133958,0,#DIV/0!,,0.028566168,0.03116887,-0.022725498,-4.545099558,#DIV/0!,-0.002602703,0.059735038,#DIV/0!,#DIV/0!,,,,,,
,,,IAA,lab,195,12.967,M,0.102,3088002,12.921,13.109,725.2235791,200,145044.7158,0,#DIV/0!,,0.028566168,0.03116887,725.195013,145039.0026,#DIV/0!,-0.002602703,0.059735038,#DIV/0!,#DIV/0!,,,,,,
blank,blank,B10,IAA,nat,190,12.969,M,0.033,4258,12.956,12.996,0.036226582,200,7.245316408,0,#DIV/0!,,0.028566168,0.03116887,0.007660414,1.532082892,#DIV/0!,-0.002602703,0.059735038,#DIV/0!,#DIV/0!,,,,,,
,,,IAA,lab,195,13.013,M,0.091,117538,12.955,13.082,1.7285,200,345.7,0,#DIV/0!,,0.028566168,0.03116887,1.699933832,339.9867665,#DIV/0!,-0.002602703,0.059735038,#DIV/0!,#DIV/0!,,,,,,
blank,blank,B11,IAA,nat,190,12.939,M,0.062,68000,12.902,12.997,0.003103946,200,0.620789218,0,#DIV/0!,,0.028566168,0.03116887,-0.025462221,-5.092444299,#DIV/0!,-0.002602703,0.059735038,#DIV/0!,#DIV/0!,,,,,,
,,,IAA,lab,195,12.929,M,0.061,21907597,12.851,13.05,9019.183615,200,1803836.723,0,#DIV/0!,,0.028566168,0.03116887,9019.155048,1803831.01,#DIV/0!,-0.002602703,0.059735038,#DIV/0!,#DIV/0!,,,,,,
blank,blank,B12,IAA,nat,190,12.991,M,0.032,2429,12.973,13.006,0.079172099,200,15.83441982,0,#DIV/0!,,0.028566168,0.03116887,0.050605932,10.1211863,#DIV/0!,-0.002602703,0.059735038,#DIV/0!,#DIV/0!,,,,,,
,,,IAA,lab,195,13.006,M,0.035,30680,12.955,13.009,#DIV/0!,200,#DIV/0!,0,#DIV/0!,,0.028566168,0.03116887,#DIV/0!,#DIV/0!,#DIV/0!,-0.002602703,0.059735038,#DIV/0!,#DIV/0!,,,,,,
blank,blank,B13,IAA,wrong looking,wrong looking,wrong looking,,,,,,#DIV/0!,200,#DIV/0!,0,#DIV/0!,,0.028566168,0.03116887,#DIV/0!,#DIV/0!,#DIV/0!,-0.002602703,0.059735038,#DIV/0!,#DIV/0!,,,,,,
,,,IAA,wrong looking,wrong looking,wrong looking,,,,,,0,200,0,0,#DIV/0!,,0.028566168,0.03116887,-0.028566168,-5.713233516,#DIV/0!,-0.002602703,0.059735038,#DIV/0!,#DIV/0!,,,,,,
blank,blank,B14,IAA,nat,190,12.97,M,0.03,7239,12.961,12.992,0.018487541,200,3.697508179,0,#DIV/0!,,0.028566168,0.03116887,-0.010078627,-2.015725337,#DIV/0!,-0.002602703,0.059735038,#DIV/0!,#DIV/0!,,,,,,
,,,IAA,lab,195,13.007,M,0.079,391561,12.955,13.067,#DIV/0!,200,#DIV/0!,0,#DIV/0!,,0.028566168,0.03116887,#DIV/0!,#DIV/0!,#DIV/0!,-0.002602703,0.059735038,#DIV/0!,#DIV/0!,,,,,,
diet,SA,SD1,IAA,wrong looking,wrong looking,wrong looking,,,,,,#DIV/0!,200,#DIV/0!,0.1106,#DIV/0!,,0.028566168,0.03116887,#DIV/0!,#DIV/0!,#DIV/0!,-0.002602703,0.059735038,-4.706515148,108.0199603,,,,,,
,,,IAA,wrong looking,wrong looking,wrong looking,,,,,,0,200,0,0.1106,0,,0.028566168,0.03116887,-0.028566168,-5.713233516,-51.65672257,-0.002602703,0.059735038,-4.706515148,108.0199603,,,,,,
diet,SA,SD2,IAA,nat,190,12.951,M,0.043,33654,12.942,12.999,0.930131004,200,186.0262009,0.1081,1720.871423,,0.028566168,0.03116887,0.901564837,180.3129674,1668.02005,-0.002602703,0.059735038,-4.815361474,110.5181092,,,,,,
,,,IAA,lab,195,12.97,M,0.04,36182,12.94,12.984,90.63400215,200,18126.80043,0.1081,167685.4804,,0.028566168,0.03116887,90.60543599,18121.0872,167632.629,-0.002602703,0.059735038,-4.815361474,110.5181092,,,,,,
diet,SA,SD3,IAA,nat,190,12.979,M,0.006,399.21,12.974,12.985,0.025932831,200,5.186566195,0.108,48.02376106,,0.028566168,0.03116887,-0.002633337,-0.526667321,-4.876549273,-0.002602703,0.059735038,-4.819820142,110.6204408,,,,,,
,,,IAA,lab,195,12.958,M,0.073,15394,12.916,13.001,2.79985E-05,200,0.005599691,0.108,0.051848992,,0.028566168,0.03116887,-0.028538169,-5.707633825,-52.84846134,-0.002602703,0.059735038,-4.819820142,110.6204408,,,,,,
diet,IAA,ID1,IAA,nat,190,12.946,M,0.109,549816034,12.877,13.213,213.9919045,200,42798.3809,0.1126,380092.1927,,0.028566168,0.03116887,213.9633383,42792.66767,380041.4535,-0.002602703,0.059735038,-4.622918076,106.1013109,,,,,,
,,,IAA,lab,195,12.961,M,0.072,2569331,12.881,13.005,0.005319388,200,1.063877564,0.1126,9.448290974,,0.028566168,0.03116887,-0.02324678,-4.649355952,-41.29090544,-0.002602703,0.059735038,-4.622918076,106.1013109,,,,,,
diet,IAA,ID2,IAA,nat,190,12.925,M,0.095,483012536,12.845,13.245,337.7889566,200,67557.79132,0.1005,672216.8291,,0.028566168,0.03116887,337.7603904,67552.07809,672159.981,-0.002602703,0.059735038,-5.179508212,118.8756976,,,,,,
,,,IAA,lab,195,12.931,M,0.066,1429924,12.868,12.983,272.1591169,200,54431.82337,0.1005,541610.1828,,0.028566168,0.03116887,272.1305507,54426.11014,541553.3347,-0.002602703,0.059735038,-5.179508212,118.8756976,,,,,,
diet,control,CD3,IAA,nat,190,12.992,M,0.035,5254,12.974,13.017,0.051764057,200,10.35281136,0.1019,101.5977562,,0.028566168,0.03116887,0.023197889,4.639577842,45.53069521,-0.002602703,0.059735038,-5.108347157,117.2424692,,,,,,
,,,IAA,lab,195,12.984,M,0.078,101499,12.93,13.021,20.16269368,200,4032.538737,0.1019,39573.49104,,0.028566168,0.03116887,20.13412752,4026.825503,39517.42398,-0.002602703,0.059735038,-5.108347157,117.2424692,,,,,,
diet,control,CD4,IAA,nat,190,12.984,M,0.02,5034,12.973,12.992,0.050138943,200,10.02778857,0.1116,89.85473627,,0.028566168,0.03116887,0.021572775,4.314555052,38.66088756,-0.002602703,0.059735038,-4.664342073,107.0520395,,,,,,
,,,IAA,lab,195,12.977,M,0.065,100401,12.927,13.006,18.02855091,200,3605.710181,0.1116,32309.23102,,0.028566168,0.03116887,17.99998474,3599.996948,32258.03717,-0.002602703,0.059735038,-4.664342073,107.0520395,,,,,,
diet,control,CD5,IAA,nat,190,12.935,M,0.021,5569,12.914,12.938,0.01202182,200,2.404364035,0.0959,25.07157492,,0.028566168,0.03116887,-0.016544347,-3.308869481,-34.5033314,-0.002602703,0.059735038,-5.427951776,124.5777644,,,,,,
,,,IAA,lab,195,12.978,M,0.089,463241,12.911,13.034,34.303984,200,6860.796801,0.0959,71541.15538,,0.028566168,0.03116887,34.27541784,6855.083567,71481.58047,-0.002602703,0.059735038,-5.427951776,124.5777644,,,,,,
diet,control,CD6,IAA,nat,190,12.999,M,0.039,13504,12.968,13.018,0.210605115,200,42.12102308,0.1112,378.7861788,,0.028566168,0.03116887,0.182038948,36.40778957,327.4081795,-0.002602703,0.059735038,-4.681120282,107.4371188,,,,,,
,,,,lab,195,13.001,M,0.048,64120,12.963,13.017,#DIV/0!,200,#DIV/0!,0.1112,#DIV/0!,,0.028566168,0.03116887,#DIV/0!,#DIV/0!,#DIV/0!,-0.002602703,0.059735038,-4.681120282,107.4371188,,,,,,
,,,,,,,,,,,,,,,,,,,,,,,,,,,,,,,,
,,,,,,,,,,,,,,,,,,,,,,,,,,,,,,,,
,,,,,,,,,,,,,,,,,,,,,,,,,,,,,,,,
,,,,,,,,,,,,,,,,,,,,,,,,,,,,,,,,
,,,,,,,,,,,,,,,,,,,,,,,,,,,,,,,,
,,,,,,,,,,,,,,,,,,,,,,,,,,,,,,,,
,,,,,,,,,,,,,,,,,,,,,,,,,,,,,,,,
,,,,,,,,,,,,,,,,,,,,,,,,,,,,,,,,
,,,,,,,,,,,,,,,,,,,,,,,,,,,,,,,,
,,,,,,,,,,,,,,,,,,,,,,,,,,,,,,,,
,,,,,,,,,,,,,,,,,,,,,,,,,,,,,,,,
,,,,,,,,,,,,,,,,,,,,,,,,,,,,,,,,
,,,,,,,,,,,,,,,,,,,,,,,,,,,,,,,,
,,,,,,,,,,,,,,,,,,,,,,,,,,,,,,,,
,,,,,,,,,,,,,,,,,,,,,,,,,,,,,,,,
,,,,,,,,,,,,,,,,,,,,,,,,,,,,,,,,
,,,,,,,,,,,,,,,,,,,,,,,,,,,,,,,,
,,,,,,,,,,,,,,,,,,,,,,,,,,,,,,,,
,,,,,,,,,,,,,,,,,,,,,,,,,,,,,,,,
,,,,,,,,,,,,,,,,,,,,,,,,,,,,,,,,
,,,,,,,,,,,,,,,,,,,,,,,,,,,,,,,,
,,,,,,,,,,,,,,,,,,,,,,,,,,,,,,,,
,,,,,,,,,,,,,,,,,,,,,,,,,,,,,,,,
,,,,,,,,,,,,,,,,,,,,,,,,,,,,,,,,
,,,,,,,,,,,,,,,,,,,,,,,,,,,,,,,,
,,,,,,,,,,,,,,,,,,,,,,,,,,,,,,,,
,,,,,,,,,,,,,,,,,,,,,,,,,,,,,,,,
,,,,,,,,,,,,,,,,,,,,,,,,,,,,,,,,
,,,,,,,,,,,,,,,,,,,,,,,,,,,,,,,,
,,,,,,,,,,,,,,,,,,,,,,,,,,,,,,,,
,,,,,,,,,,,,,,,,,,,,,,,,,,,,,,,,
,,,,,,,,,,,,,,,,,,,,,,,,,,,,,,,,
,,,,,,,,,,,,,,,,,,,,,,,,,,,,,,,,
,,,,,,,,,,,,,,,,,,,,,,,,,,,,,,,,
,,,,,,,,,,,,,,,,,,,,,,,,,,,,,,,,
,,,,,,,,,,,,,,,,,,,,,,,,,,,,,,,,
,,,,,,,,,,,,,,,,,,,,,,,,,,,,,,,,
,,,,,,,,,,,,,,,,,,,,,,,,,,,,,,,,
,,,,,,,,,,,,,,,,,,,,,,,,,,,,,,,,
,,,,,,,,,,,,,,,,,,,,,,,,,,,,,,,,
,,,,,,,,,,,,,,,,,,,,,,,,,,,,,,,,
,,,,,,,,,,,,,,,,,,,,,,,,,,,,,,,,
,,,,,,,,,,,,,,,,,,,,,,,,,,,,,,,,
,,,,,,,,,,,,,,,,,,,,,,,,,,,,,,,,
,,,,,,,,,,,,,,,,,,,,,,,,,,,,,,,,
,,,,,,,,,,,,,,,,,,,,,,,,,,,,,,,,
,,,,,,,,,,,,,,,,,,,,,,,,,,,,,,,,
,,,,,,,,,,,,,,,,,,,,,,,,,,,,,,,,
,,,,,,,,,,,,,,,,,,,,,,,,,,,,,,,,
,,,,,,,,,,,,,,,,,,,,,,,,,,,,,,,,
,,,,,,,,,,,,,,,,,,,,,,,,,,,,,,,,
,,,,,,,,,,,,,,,,,,,,,,,,,,,,,,,,
,,,,,,,,,,,,,,,,,,,,,,,,,,,,,,,,
,,,,,,,,,,,,,,,,,,,,,,,,,,,,,,,,
,,,,,,,,,,,,,,,,,,,,,,,,,,,,,,,,
,,,,,,,,,,,,,,,,,,,,,,,,,,,,,,,,
,,,,,,,,,,,,,,,,,,,,,,,,,,,,,,,,
,,,,,,,,,,,,,,,,,,,,,,,,,,,,,,,,
,,,,,,,,,,,,,,,,,,,,,,,,,,,,,,,,
,,,,,,,,,,,,,,,,,,,,,,,,,,,,,,,,
,,,,,,,,,,,,,,,,,,,,,,,,,,,,,,,,
