id,microbe_level,diet_type,tissue,nat_lab,sample_wt_g,conc_sample_ngperg,num_larvae,avg_ba_conc,high_ba_conc,low_ba_conc,avg_sa_conc,high_sa_conc,low_sa_conc,avg_iaa_conc,high_iaa_conc,low_iaa_conc
AB1,axenic,benzoic,sal,nat,0.0667,2578.884025,20,1961.884966,2051.154415,1872.615518,37.88237696,63.6166995,12.14805442,122.5277564,221.4635373,23.59197554
AB1,axenic,benzoic,sal,lab,0.0667,2611.646141,20,1994.647081,2083.91653,1905.377633,20937.02971,20962.76403,20911.29538,29566.45974,29665.39552,29467.52396
AB1F,axenic,benzoic,fat,nat,0.0505,1989.613884,20,1174.686414,1292.592794,1056.780033,160.8536623,194.8433516,126.8639729,98.29654597,228.9701417,-32.37704979
AB1F,axenic,benzoic,fat,lab,0.0505,9740.234376,20,8925.306905,9043.213286,8807.400525,456667.5198,456701.5095,456633.5301,1262317.385,1262448.059,1262186.712
AB1H,axenic,benzoic,hem,nat,0.1047,1719.65,20,1326.585652,1383.455492,1269.715813,-8.150520334,8.243742449,-24.54478312,-41.73968473,21.28817187,-104.7675413
AB1H,axenic,benzoic,hem,lab,0.1047,5437.225922,20,5044.161574,5101.031414,4987.291734,38867.38296,38883.77723,38850.9887,236343.4247,236406.4525,236280.3968
AC1,axenic,control,sal,nat,0.0773,582.5003193,20,50.1091518,127.1372529,-26.91894928,21.42217982,43.62760432,-0.7832446726,-63.5800328,21.78887517,-148.9489408
AC1,axenic,control,sal,lab,0.0773,49724.79799,20,49192.40682,49269.43493,49115.37872,235033.4166,235055.622,235011.2111,215193.7686,215279.1375,215108.3996
AC1F,axenic,control,fat,nat,0.0470,1255.714797,20,380.1012389,506.7878818,253.4145961,12.39781013,48.91864658,-24.12302633,-80.22902449,60.17558372,-220.6336327
AC1F,axenic,control,fat,lab,0.0470,5843.919299,20,4968.305741,5094.992384,4841.619098,131236.5329,131273.0537,131200.012,978699.6874,978840.092,978559.2828
AC1H,axenic,control,hem,nat,0.0698,700.0094508,20,110.4129286,195.7176881,25.10816912,-9.220503867,15.37089031,-33.81189804,-71.49291019,23.0488747,-166.0346951
AC1H,axenic,control,hem,lab,0.0698,12881.82774,20,12292.23122,12377.53598,12206.92646,117823.3611,117847.9525,117798.7697,1114.047148,1208.588933,1019.505363
AI1,axenic,indole,sal,nat,0.0624,562.8990706,20,-96.61755188,-1.196522824,-192.0385809,5.989849263,33.49753057,-21.51783204,7296.168453,7401.921924,7190.414982
AI1,axenic,indole,sal,lab,0.0624,10115.23862,20,9455.721996,9551.143025,9360.300967,100465.4174,100492.9251,100437.9097,888.4865687,994.2400396,782.7330978
AI1F,axenic,indole,fat,nat,0.0467,1076.576472,20,195.3379872,322.8384628,67.83751153,7.272666289,44.02811197,-29.48277939,15526.80133,15668.1079,15385.49477
AI1F,axenic,indole,fat,lab,0.0467,23520.575,20,22639.33652,22766.837,22511.83604,202769.8378,202806.5933,202733.0824,1202.940754,1344.247319,1061.634189
AI1H,axenic,indole,hem,nat,0.1077,462.2843732,20,80.16889274,135.4546143,24.88317117,0.09094277776,16.02854086,-15.8466553,5706.65183,5767.924036,5645.379624
AI1H,axenic,indole,hem,lab,0.1077,7814.419242,20,7432.303761,7487.589483,7377.01804,317.2429305,333.1805286,301.3053324,59382.42007,59443.69227,59321.14786
AS1,axenic,salicylic,sal,nat,0.0699,492.7395196,20,-96.01351684,-10.83079562,-181.1962381,15635.00115,15659.55737,15610.44494,31.42503818,125.8315702,-62.98149381
AS1,axenic,salicylic,sal,lab,0.0699,14112.61524,20,13523.86221,13609.04493,13438.67949,218.298784,242.8549974,193.7425707,41041.14856,41135.5551,40946.74203
AS1F,axenic,salicylic,fat,nat,0.0736,738.9693627,20,179.8139653,260.714403,98.91352763,22564.72689,22588.04862,22541.40516,48.28096598,137.9415174,-41.37958545
AS1F,axenic,salicylic,fat,lab,0.0736,9522.340179,20,8963.184782,9044.08522,8882.284344,693.7541139,717.0758437,670.4323841,99839.90131,99929.56186,99750.24076
AS1H,axenic,salicylic,hem,nat,0.1090,464.2682573,20,86.71011742,141.336468,32.08376684,7298.682355,7314.429872,7282.934839,4.956227573,65.49766414,-55.58520899
AS1H,axenic,salicylic,hem,lab,0.1090,24298.50833,20,23920.95019,23975.57654,23866.32384,80973.87009,80989.6176,80958.12257,616162.5751,616223.1165,616102.0337
B1,blank,blank,blank,nat,0,#DIV/0!,0,#DIV/0!,#DIV/0!,#DIV/0!,#DIV/0!,#DIV/0!,#DIV/0!,#DIV/0!,#DIV/0!,#DIV/0!
B1,blank,blank,blank,lab,0,#DIV/0!,0,#DIV/0!,#DIV/0!,#DIV/0!,#DIV/0!,#DIV/0!,#DIV/0!,#DIV/0!,#DIV/0!,#DIV/0!
B1F,blank,blank,blank,nat,0,#DIV/0!,0,#DIV/0!,#DIV/0!,#DIV/0!,#DIV/0!,#DIV/0!,#DIV/0!,#DIV/0!,#DIV/0!,#DIV/0!
B1F,blank,blank,blank,lab,0,#DIV/0!,0,#DIV/0!,#DIV/0!,#DIV/0!,#DIV/0!,#DIV/0!,#DIV/0!,#DIV/0!,#DIV/0!,#DIV/0!
B1H,blank,blank,blank,nat,0,#DIV/0!,0,#DIV/0!,#DIV/0!,#DIV/0!,#DIV/0!,#DIV/0!,#DIV/0!,#DIV/0!,#DIV/0!,#DIV/0!
B1H,blank,blank,blank,lab,0,#DIV/0!,0,#DIV/0!,#DIV/0!,#DIV/0!,#DIV/0!,#DIV/0!,#DIV/0!,#DIV/0!,#DIV/0!,#DIV/0!
B4,blank,blank,blank,nat,0,#DIV/0!,0,#DIV/0!,#DIV/0!,#DIV/0!,#DIV/0!,#DIV/0!,#DIV/0!,#DIV/0!,#DIV/0!,#DIV/0!
B4,blank,blank,blank,lab,0,#DIV/0!,0,#DIV/0!,#DIV/0!,#DIV/0!,#DIV/0!,#DIV/0!,#DIV/0!,#DIV/0!,#DIV/0!,#DIV/0!
B4F,blank,blank,blank,nat,0,#DIV/0!,0,#DIV/0!,#DIV/0!,#DIV/0!,#DIV/0!,#DIV/0!,#DIV/0!,#DIV/0!,#DIV/0!,#DIV/0!
B4F,blank,blank,blank,lab,0,#DIV/0!,0,#DIV/0!,#DIV/0!,#DIV/0!,#DIV/0!,#DIV/0!,#DIV/0!,#DIV/0!,#DIV/0!,#DIV/0!
B4H,blank,blank,blank,nat,0,#DIV/0!,0,#DIV/0!,#DIV/0!,#DIV/0!,#DIV/0!,#DIV/0!,#DIV/0!,#DIV/0!,#DIV/0!,#DIV/0!
B4H,blank,blank,blank,lab,0,#DIV/0!,0,#DIV/0!,#DIV/0!,#DIV/0!,#DIV/0!,#DIV/0!,#DIV/0!,#DIV/0!,#DIV/0!,#DIV/0!
NI1F,nonaxenic,indole,fat,nat,0.0607,948.381242,20,270.393808,368.4872547,172.3003613,156.4437774,184.7218551,128.1656998,24785.16733,24893.8826,24676.45207
NI1F,nonaxenic,indole,fat,lab,0.0607,381.2587436,20,-296.7286904,-198.6352438,-394.8221371,82960.24801,82988.52609,82931.96993,12455.34981,12564.06507,12346.63454
NB1,nonaxenic,benzoic,sal,nat,0.0519,11006.95852,20,10214.01368,10328.73954,10099.28782,42.20100683,75.27382597,9.128187692,998.2350269,1125.383709,871.0863451
NB1,nonaxenic,benzoic,sal,lab,0.0519,3207.533855,20,2414.589014,2529.314875,2299.863152,107822.9124,107855.9852,107789.8396,158413.5802,158540.7289,158286.4315
NB1F,nonaxenic,benzoic,fat,nat,0.0695,11626.22518,20,11034.08364,11119.75662,10948.41066,68.47947768,93.17702176,43.7819336,-3.896183987,91.05369495,-98.84606292
NB1F,nonaxenic,benzoic,fat,lab,0.0695,611.2598495,20,19.11830638,104.7912879,-66.5546751,43978.47822,44003.17577,43953.78068,212840.2195,212935.1694,212745.2696
NB1H,nonaxenic,benzoic,hem,nat,0.1073,2250.431029,20,1866.891073,1922.382893,1811.399254,24.51637708,40.51338839,8.519365769,-34.5482512,26.95236935,-96.04887176
NB1H,nonaxenic,benzoic,hem,lab,0.1073,8519.584756,20,8136.044801,8191.53662,8080.552981,88964.34305,88980.34006,88948.34604,699451.1393,699512.64,699389.6387
NC1,nonaxenic,control,sal,nat,0.0552,707.1394347,20,-38.40109506,69.46615518,-146.2683453,-5.280390985,25.81524875,-36.37603072,-92.74200261,26.80539931,-212.2894045
NC1,nonaxenic,control,sal,lab,0.0552,22998.58228,20,22253.04175,22360.909,22145.1745,121371.6943,121402.7899,121340.5987,379177.7204,379297.2678,379058.173
NC1F,nonaxenic,control,fat,nat,0.0455,1011.950634,20,107.4706943,238.3338198,-23.3924313,40.18637133,77.9111914,2.461551251,-102.6867607,42.34657085,-247.7200923
NC1F,nonaxenic,control,fat,lab,0.0455,12719.01332,20,11814.53338,11945.3965,11683.67025,131290.125,131327.8498,131252.4002,236143.5961,236288.6295,235998.5628
NC1H,nonaxenic,control,hem,nat,0.1052,444.577854,20,53.38168242,109.9812282,-3.217863326,19.85634551,36.17268879,3.540002228,-6.371885431,56.35640911,-69.10017997
NC1H,nonaxenic,control,hem,lab,0.1052,8320.144349,20,7928.948178,7985.547723,7872.348632,34963.85806,34980.17441,34947.54172,156.9041411,219.6324356,94.17584656
NI1,nonaxenic,indole,sal,nat,0.0676,602.0219264,20,-6.762648198,81.3183017,-94.84359809,73.22290424,98.61461006,47.83119842,17572.78056,17670.39915,17475.16197
NI1,nonaxenic,indole,sal,lab,0.0676,16116.06822,20,15507.28365,15595.3646,15419.2027,175374.2966,175399.6883,175348.9049,678.8604557,776.4790442,581.2418671
NI1H,nonaxenic,indole,hem,nat,0.1027,500.7035419,20,99.98458135,157.9619155,42.00724725,-8.98877797,7.724749911,-25.70230585,7314.601466,7378.856739,7250.346192
NI1H,nonaxenic,indole,hem,lab,0.1027,8261.974013,20,7861.255053,7919.232387,7803.277719,365.8570775,382.5706054,349.1435496,47626.20195,47690.45722,47561.94667
NS2,nonaxenic,salicylic,sal,nat,0.0533,658.2626558,20,-113.8543657,-2.141941426,-225.5667899,17059.47394,17091.67806,17027.26983,45.81056864,169.6195102,-77.99837293
NS2,nonaxenic,salicylic,sal,lab,0.0533,14038.7096,20,13266.59258,13378.305,13154.88015,542.3543688,574.5584835,510.1502541,197140.4827,197264.2916,197016.6737
NS2F,nonaxenic,salicylic,fat,nat,0.0688,769.729517,20,171.5632779,258.1079322,85.01862369,13999.84572,14024.79455,13974.89689,-16.6535828,79.26235595,-112.5695215
NS2F,nonaxenic,salicylic,fat,lab,0.0688,12017.19125,20,11419.02501,11505.56966,11332.48035,1158.580235,1183.529062,1133.631408,122562.6418,122658.5577,122466.7258
NS2H,nonaxenic,salicylic,hem,nat,0.1109,454.1852314,20,83.09562599,136.7860878,29.4051642,4704.08568,4719.563401,4688.607958,-18.28367906,41.22052821,-77.78788633
NS2H,nonaxenic,salicylic,hem,lab,0.1109,3435.765064,20,3064.675458,3118.36592,3010.984996,170586.6219,170602.0996,170571.1441,213273.3783,213332.8825,213213.874
AB2,axenic,benzoic,sal,nat,0.0694,4017.565835,20,3424.571062,3510.367492,3338.774633,16.62474358,41.3578749,-8.108387737,-46.98676515,48.09992917,-142.0734595
AB2,axenic,benzoic,sal,lab,0.0694,1574.262667,20,981.2678938,1067.064323,895.4714642,50126.18586,50150.91899,50101.45272,141768.2031,141863.2897,141673.1164
AB2F,axenic,benzoic,fat,nat,0.0512,2553.961396,20,1750.175512,1866.469891,1633.881133,6.408997807,39.9339844,-27.11598878,-44.73821231,84.14883038,-173.625255
AB2F,axenic,benzoic,fat,lab,0.0512,9331.04964,20,8527.263756,8643.558135,8410.969377,284311.6637,284345.1886,284278.1387,871224.7996,871353.6866,871095.9125
AB2H,axenic,benzoic,hem,nat,0.1109,1781.759328,20,1410.669723,1464.360185,1356.979261,-2.126403382,13.35131811,-17.60412487,-45.03145991,14.47274735,-104.5356672
AB2H,axenic,benzoic,hem,lab,0.1109,6173.481495,20,5802.391889,5856.082351,5748.701427,51363.37294,51378.85066,51347.89522,318703.6105,318763.1147,318644.1063
AC2,axenic,control,sal,nat,0.0615,689.572127,20,20.4040417,117.2214761,-76.41339266,13.02119838,40.93143112,-14.88903436,-78.70065397,28.60042872,-186.0017367
AC2,axenic,control,sal,lab,0.0615,29639.23798,20,28970.06989,29066.88733,28873.25246,199922.0137,199949.924,199894.1035,77611.09791,77718.39899,77503.79682
AC2F,axenic,control,fat,nat,0.0569,945.5607028,20,222.2946703,326.9391732,117.6501675,20.81704701,50.98364303,-9.349549007,51.63329234,167.6089793,-64.34239458
AC2F,axenic,control,fat,lab,0.0569,4124.150429,20,3400.884397,3505.5289,3296.239894,88197.00243,88227.16903,88166.83584,660681.9722,660797.9479,660565.9965
AC2H,axenic,control,hem,nat,0.0962,488.3436414,20,60.54907549,122.443797,-1.34564606,-14.54494983,3.297870477,-32.38777013,-52.96919672,15.62764929,-121.5660427
AC2H,axenic,control,hem,lab,0.0962,12241.37841,20,11813.58385,11875.47857,11751.68912,35955.09087,35972.93369,35937.24805,807.8742411,876.4710871,739.2773951
AI2,axenic,indole,sal,nat,0.069,624.7327513,20,28.3003275,114.5941277,-57.99347268,174.9299928,199.8065046,150.053481,9149.183108,9244.82103,9053.545187
AI2,axenic,indole,sal,lab,0.069,17407.48806,20,16811.05564,16897.34944,16724.76184,34111.47163,34136.34814,34086.59512,780.7815483,876.4194698,685.1436267
AI2F,axenic,indole,fat,nat,0.0446,1179.015366,20,256.283589,389.7874503,122.7797278,320.9221561,359.4082394,282.4360729,12964.84685,13112.80686,12816.88683
AI2F,axenic,indole,fat,lab,0.0446,18718.75039,20,17796.01861,17929.52248,17662.51475,202650.9197,202689.4058,202612.4336,2803.698125,2951.658138,2655.738112
AI2H,axenic,indole,hem,nat,0.1062,508.5611925,20,121.0486008,177.1151941,64.98200743,33.63779532,49.80050072,17.47508992,4519.083688,4581.22132,4456.946055
AI2H,axenic,indole,hem,lab,0.1062,4710.591184,20,4323.078592,4379.145186,4267.011999,197.4793958,213.6421012,181.3166904,81143.54981,81205.68744,81081.41218
AS2,axenic,salicylic,sal,nat,0.0728,572.6079098,20,7.307947695,89.09740117,-74.48150578,11280.39002,11303.96803,11256.81201,-30.38928117,60.25655105,-121.0351134
AS2,axenic,salicylic,sal,lab,0.0728,19314.08243,20,18748.78247,18830.57192,18666.99301,1344.752445,1368.330458,1321.174433,145230.5545,145321.2003,145139.9086
AS2F,axenic,salicylic,fat,nat,0.0484,1141.785373,20,291.4994794,414.5216325,168.4773262,8857.919112,8893.38356,8822.454663,-17.88373884,118.4595791,-154.2270567
AS2F,axenic,salicylic,fat,lab,0.0484,26017.12396,20,25166.83807,25289.86022,25043.81592,2250.875387,2286.339836,2215.410939,393040.954,393177.2974,392904.6107
AS2H,axenic,salicylic,hem,nat,0.0882,659.627096,20,193.0303018,260.5390571,125.5215466,3948.262188,3967.723405,3928.800971,-48.11027565,26.70850651,-122.9290578
AS2H,axenic,salicylic,hem,lab,0.0882,6565.487508,20,6098.890713,6166.399469,6031.381958,84798.47123,84817.93245,84779.01002,73967.04455,74041.86334,73892.22577
B2,blank,blank,blank,nat,0,#DIV/0!,0,#DIV/0!,#DIV/0!,#DIV/0!,#DIV/0!,#DIV/0!,#DIV/0!,#DIV/0!,#DIV/0!,#DIV/0!
B2,blank,blank,blank,lab,0,#DIV/0!,0,#DIV/0!,#DIV/0!,#DIV/0!,#DIV/0!,#DIV/0!,#DIV/0!,#DIV/0!,#DIV/0!,#DIV/0!
B2F,blank,blank,blank,nat,0,#DIV/0!,0,#DIV/0!,#DIV/0!,#DIV/0!,#DIV/0!,#DIV/0!,#DIV/0!,#DIV/0!,#DIV/0!,#DIV/0!
B2F,blank,blank,blank,lab,0,#DIV/0!,0,#DIV/0!,#DIV/0!,#DIV/0!,#DIV/0!,#DIV/0!,#DIV/0!,#DIV/0!,#DIV/0!,#DIV/0!
B2H,blank,blank,blank,nat,0,#DIV/0!,0,#DIV/0!,#DIV/0!,#DIV/0!,#DIV/0!,#DIV/0!,#DIV/0!,#DIV/0!,#DIV/0!,#DIV/0!
B2H,blank,blank,blank,lab,0,#DIV/0!,0,#DIV/0!,#DIV/0!,#DIV/0!,#DIV/0!,#DIV/0!,#DIV/0!,#DIV/0!,#DIV/0!,#DIV/0!
B5,blank,blank,blank,nat,0,#DIV/0!,0,#DIV/0!,#DIV/0!,#DIV/0!,#DIV/0!,#DIV/0!,#DIV/0!,#DIV/0!,#DIV/0!,#DIV/0!
B5,blank,blank,blank,lab,0,#DIV/0!,0,#DIV/0!,#DIV/0!,#DIV/0!,#DIV/0!,#DIV/0!,#DIV/0!,#DIV/0!,#DIV/0!,#DIV/0!
B5F,blank,blank,blank,nat,0,#DIV/0!,0,#DIV/0!,#DIV/0!,#DIV/0!,#DIV/0!,#DIV/0!,#DIV/0!,#DIV/0!,#DIV/0!,#DIV/0!
B5F,blank,blank,blank,lab,0,#DIV/0!,0,#DIV/0!,#DIV/0!,#DIV/0!,#DIV/0!,#DIV/0!,#DIV/0!,#DIV/0!,#DIV/0!,#DIV/0!
B5H,blank,blank,blank,nat,0,#DIV/0!,0,#DIV/0!,#DIV/0!,#DIV/0!,#DIV/0!,#DIV/0!,#DIV/0!,#DIV/0!,#DIV/0!,#DIV/0!
B5H,blank,blank,blank,lab,0,#DIV/0!,0,#DIV/0!,#DIV/0!,#DIV/0!,#DIV/0!,#DIV/0!,#DIV/0!,#DIV/0!,#DIV/0!,#DIV/0!
NB2,nonaxenic,benzoic,sal,nat,0.064,5982.539456,20,5339.510749,5432.546252,5246.475246,67.38023347,94.20022274,40.5602442,-54.60132257,48.50831158,-157.7109567
NB2,nonaxenic,benzoic,sal,lab,0.064,2453.759858,20,1810.731151,1903.766655,1717.695648,66996.15371,67022.9737,66969.33372,80435.49722,80538.60685,80332.38758
NB2F,nonaxenic,benzoic,fat,nat,0.0466,5916.053408,20,5032.923853,5160.697935,4905.149771,99.9536108,136.7879308,63.11929077,80.80111039,222.4109084,-60.80868759
NB2F,nonaxenic,benzoic,fat,lab,0.0466,12976.26071,20,12093.13116,12220.90524,11965.35707,180493.7405,180530.5748,180456.9062,383952.571,384094.1808,383810.9612
NB2H,nonaxenic,benzoic,hem,nat,0.1019,1702.24204,20,1298.377102,1356.809606,1239.944597,37.8804262,54.72516922,21.03568319,-35.77165866,28.98807231,-100.5313896
NB2H,nonaxenic,benzoic,hem,lab,0.1019,2761.757809,20,2357.892871,2416.325375,2299.460366,15053.7455,15070.59024,15036.90076,68420.008,68484.76773,68355.24827
NC2,nonaxenic,control,sal,nat,0.0649,672.2449742,20,38.1334604,129.878795,-53.61187416,155.5737478,182.0218112,129.1256844,-15.93108285,85.74867965,-117.6108453
NC2,nonaxenic,control,sal,lab,0.0649,13346.71239,20,12712.60087,12804.34621,12620.85554,33114.4427,33140.89076,33087.99464,103218.8953,103320.5751,103117.2156
NC2F,nonaxenic,control,fat,nat,0.0705,820.7994788,20,237.0571065,321.5148684,152.5993446,257.0172151,281.3644394,232.6699908,6.955217108,100.5582892,-86.64785503
NC2F,nonaxenic,control,fat,lab,0.0705,11345.82724,20,10762.08486,10846.54263,10677.6271,50340.48374,50364.83097,50316.13652,220599.2998,220692.9028,220505.6967
NC2H,nonaxenic,control,hem,nat,0.0912,531.9844885,20,80.73627305,146.0243456,15.44820054,68.86559523,87.68664033,50.04455013,-33.73430095,38.62333706,-106.0919389
NC2H,nonaxenic,control,hem,lab,0.0912,24985.0277,20,24533.77948,24599.06756,24468.49141,154366.3971,154385.2182,154347.5761,333.1544359,405.5120739,260.7967979
NI1A,nonaxenic,indole,sal,nat,0.0588,772.3426625,20,72.44747126,173.7106041,-28.81566161,4.445647338,33.6374724,-24.74617772,18917.07511,19029.30328,18804.84693
NI1A,nonaxenic,indole,sal,lab,0.0588,12879.45662,20,12179.56143,12280.82456,12078.2983,109881.9647,109911.1566,109852.7729,249.2631968,361.4913701,137.0350236
NI1AF,nonaxenic,indole,fat,nat,0.0897,657.3661792,20,198.572007,264.9518533,132.1921607,-12.21358905,6.922189248,-31.34936735,24546.27397,24619.8416,24472.70634
NI1AF,nonaxenic,indole,fat,lab,0.0897,4681.874429,20,4223.080257,4289.460103,4156.700411,153949.0091,153968.1449,153929.8733,779.3054463,852.8730782,705.7378144
NI1AH,nonaxenic,indole,hem,nat,0.1095,452.2864798,20,76.45234974,130.8292649,22.07543455,-11.7088797,3.966730465,-27.38448987,5724.058384,5784.323376,5663.793392
NI1AH,nonaxenic,indole,hem,lab,0.1095,8230.304285,20,7854.470155,7908.847071,7800.09324,970.3723908,986.048001,954.6967807,32847.65414,32907.91913,32787.38914
NS3,nonaxenic,salicylic,sal,nat,0.0739,794.0256367,20,237.140153,317.7121721,156.5681339,6872.689784,6895.916838,6849.46273,58.49488907,147.7914599,-30.80168178
NS3,nonaxenic,salicylic,sal,lab,0.0739,7984.912884,20,7428.027401,7508.59942,7347.455382,828.8325224,852.0595767,805.6054681,22523.48603,22612.7826,22434.18946
NS3AF,nonaxenic,salicylic,fat,nat,0.0489,1397.666106,20,556.0743421,677.8386,434.3100842,6924.276743,6959.37857,6889.174917,136.5560915,271.5053059,1.60687706
NS3AF,nonaxenic,salicylic,fat,lab,0.0489,13955.9699,20,13114.37813,13236.14239,12992.61387,4027.323272,4062.425098,3992.221445,490923.0576,491058.0068,490788.1084
NS3AH,nonaxenic,salicylic,hem,nat,0.0960,399.8824097,20,-28.80339494,33.22027395,-90.82706382,2523.676433,2541.556426,2505.796441,-34.020392,34.7193641,-102.7601481
NS3AH,nonaxenic,salicylic,hem,lab,0.0960,5786.366863,20,5357.681058,5419.704727,5295.657389,112062.5316,112080.4116,112044.6516,93978.1285,94046.86826,93909.38875
AB3,axenic,benzoic,sal,nat,0.044,2332.87153,14,1397.557047,1532.881415,1262.232678,9.398427335,48.40932082,-29.61246615,-27.35336181,122.6242879,-177.3310115
AB3,axenic,benzoic,sal,lab,0.044,3919.502743,14,2984.18826,3119.512628,2848.863891,106225.7128,106264.7237,106186.7019,99367.77065,99517.7483,99217.793
AB3F,axenic,benzoic,fat,nat,0.0416,2591.903079,14,1602.628145,1745.759689,1459.496602,14.18907102,55.45059298,-27.07245093,57.79438672,216.4245931,-100.8358197
AB3F,axenic,benzoic,fat,lab,0.0416,10679.7504,14,9690.475462,9833.607005,9547.343918,382529.8017,382571.0632,382488.5402,790695.3632,790853.9934,790536.733
AB3H,axenic,benzoic,hem,nat,0.1006,2535.226881,14,2126.143011,2185.330608,2066.955415,-4.048939162,13.01347946,-21.11135778,-40.1862917,25.41029464,-105.782878
AB3H,axenic,benzoic,hem,lab,0.1006,6901.22206,14,6492.138191,6551.325788,6432.950594,84575.63543,84592.69785,84558.57301,243208.0284,243273.625,243142.4318
AC3,axenic,control,sal,nat,0.0693,577.2783513,20,-16.57211398,69.34811997,-102.4923479,-2.082530017,22.68629124,-26.85135128,-69.66978252,25.55412203,-164.8936871
AC3,axenic,control,sal,lab,0.0693,19433.05951,20,18839.20904,18925.12927,18753.28881,152632.6896,152657.4584,152607.9208,455747.4989,455842.7228,455652.275
AC3F,axenic,control,fat,nat,0.0418,1226.306035,20,241.7644745,384.2111782,99.31777086,-4.996964908,36.0671335,-46.06106331,-105.8820519,51.98915824,-263.7532621
AC3F,axenic,control,fat,lab,0.0418,9060.551573,20,8076.010012,8218.456716,7933.563308,222273.7718,222314.8359,222232.7077,759719.5329,759877.4041,759561.6617
AC3H,axenic,control,hem,nat,0.1086,461.2514584,20,82.30268086,137.1302335,27.47512825,-14.17299387,1.632524674,-29.97851241,-44.76601591,15.99840938,-105.5304412
AC3H,axenic,control,hem,lab,0.1086,17579.89916,20,17200.95038,17255.77793,17146.12283,70412.89483,70428.70035,70397.08931,1393.312574,1454.076999,1332.548149
AI3,axenic,indole,sal,nat,0.0645,559.7237328,20,-78.32025551,13.99404236,-170.6345534,43.9842629,70.59634528,17.37218053,4947.844213,5050.154548,4845.533879
AI3,axenic,indole,sal,lab,0.0645,44916.78093,20,44278.73694,44371.05124,44186.42264,239776.3295,239802.9415,239749.7174,7377.074925,7479.38526,7274.764591
AI3F,axenic,indole,fat,nat,0.063,1838.460906,20,1185.225394,1279.737651,1090.713137,422.2433171,449.4890205,394.9976137,6907.9719,7012.718195,6803.225605
AI3F,axenic,indole,fat,lab,0.063,1764.006946,20,1110.771435,1205.283692,1016.259177,13186.5054,13213.7511,13159.2597,347.2352673,451.9815623,242.4889722
AI3H,axenic,indole,hem,nat,0.1022,483.3933198,20,80.71389466,138.9748752,22.45291411,-2.467131156,14.32816545,-19.26242776,2260.057691,2324.627324,2195.488057
AI3H,axenic,indole,hem,lab,0.1022,5279.530941,20,4876.851516,4935.112497,4818.590535,424.1079751,440.9032717,407.3126785,71756.9703,71821.53993,71692.40066
AS3,axenic,salicylic,sal,nat,0.0453,884.8828066,15,-23.59042179,107.8504659,-155.0313095,13793.99581,13831.88718,13756.10443,-5.804189306,139.869466,-151.4778446
AS3,axenic,salicylic,sal,lab,0.0453,12029.28309,15,11120.80986,11252.25075,10989.36897,827.9590747,865.8504503,790.0676992,149480.1568,149625.8304,149334.4831
AS3F,axenic,salicylic,fat,nat,0.0504,1128.214212,15,311.669822,429.8101437,193.5295003,13243.72188,13277.77901,13209.66475,-29.60156831,101.3313005,-160.5344371
AS3F,axenic,salicylic,fat,lab,0.0504,19911.83821,15,19095.29382,19213.43414,18977.1535,2107.070812,2141.127942,2073.013683,246447.1435,246578.0764,246316.2106
AS3H,axenic,salicylic,hem,nat,0.0993,548.2147198,15,133.7752712,193.7377306,73.81281188,4548.531682,4565.817476,4531.245888,-19.86770598,46.58764735,-86.32305931
AS3H,axenic,salicylic,hem,lab,0.0993,15546.46111,15,15132.02166,15191.98412,15072.0592,88550.97227,88568.25806,88533.68648,68739.95436,68806.40972,68673.49901
B3,blank,blank,blank,nat,0,#DIV/0!,0,#DIV/0!,#DIV/0!,#DIV/0!,#DIV/0!,#DIV/0!,#DIV/0!,#DIV/0!,#DIV/0!,#DIV/0!
B3,blank,blank,blank,lab,0,#DIV/0!,0,#DIV/0!,#DIV/0!,#DIV/0!,#DIV/0!,#DIV/0!,#DIV/0!,#DIV/0!,#DIV/0!,#DIV/0!
B3F,blank,blank,blank,nat,0,#DIV/0!,0,#DIV/0!,#DIV/0!,#DIV/0!,#DIV/0!,#DIV/0!,#DIV/0!,#DIV/0!,#DIV/0!,#DIV/0!
B3F,blank,blank,blank,lab,0,#DIV/0!,0,#DIV/0!,#DIV/0!,#DIV/0!,#DIV/0!,#DIV/0!,#DIV/0!,#DIV/0!,#DIV/0!,#DIV/0!
B3H,blank,blank,blank,nat,0,#DIV/0!,0,#DIV/0!,#DIV/0!,#DIV/0!,#DIV/0!,#DIV/0!,#DIV/0!,#DIV/0!,#DIV/0!,#DIV/0!
B3H,blank,blank,blank,lab,0,#DIV/0!,0,#DIV/0!,#DIV/0!,#DIV/0!,#DIV/0!,#DIV/0!,#DIV/0!,#DIV/0!,#DIV/0!,#DIV/0!
B6,blank,blank,blank,nat,0,#DIV/0!,0,#DIV/0!,#DIV/0!,#DIV/0!,#DIV/0!,#DIV/0!,#DIV/0!,#DIV/0!,#DIV/0!,#DIV/0!
B6,blank,blank,blank,lab,0,#DIV/0!,0,#DIV/0!,#DIV/0!,#DIV/0!,#DIV/0!,#DIV/0!,#DIV/0!,#DIV/0!,#DIV/0!,#DIV/0!
B6F,blank,blank,blank,nat,0,#DIV/0!,0,#DIV/0!,#DIV/0!,#DIV/0!,#DIV/0!,#DIV/0!,#DIV/0!,#DIV/0!,#DIV/0!,#DIV/0!
B6F,blank,blank,blank,lab,0,#DIV/0!,0,#DIV/0!,#DIV/0!,#DIV/0!,#DIV/0!,#DIV/0!,#DIV/0!,#DIV/0!,#DIV/0!,#DIV/0!
B6H,blank,blank,blank,nat,0,#DIV/0!,0,#DIV/0!,#DIV/0!,#DIV/0!,#DIV/0!,#DIV/0!,#DIV/0!,#DIV/0!,#DIV/0!,#DIV/0!
B6H,blank,blank,blank,lab,0,#DIV/0!,0,#DIV/0!,#DIV/0!,#DIV/0!,#DIV/0!,#DIV/0!,#DIV/0!,#DIV/0!,#DIV/0!,#DIV/0!
NB3,nonaxenic,benzoic,sal,nat,0.0678,1292.760614,20,685.7718645,773.5929886,597.9507404,1.810575966,27.12738,-23.50622807,27.93390935,125.2645375,-69.39671876
NB3,nonaxenic,benzoic,sal,lab,0.0678,33595.51649,20,32988.52774,33076.34886,32900.70661,126803.0003,126828.3171,126777.6835,49502.8237,49600.15433,49405.49307
NB3F,nonaxenic,benzoic,fat,nat,0.0613,1267.511607,20,596.1602658,693.2935809,499.0269507,112.8146797,140.8159736,84.81338589,101.7212641,209.3724319,-5.92990369
NB3F,nonaxenic,benzoic,fat,lab,0.0613,1008.98155,20,337.6302085,434.7635235,240.4968934,67493.28163,67521.28293,67465.28034,223831.2491,223938.9003,223723.5979
NB3H,nonaxenic,benzoic,hem,nat,0.1113,1062.966848,20,693.2108977,746.7084018,639.7133935,3.353434611,18.77553087,-12.06866165,-15.89138253,43.39897313,-75.1817382
NB3H,nonaxenic,benzoic,hem,lab,0.1113,10020.76995,20,9651.014002,9704.511506,9597.516498,17742.3743,17757.79639,17726.9522,111123.0057,111182.296,111063.7153
NC2H_1,nonaxenic,control,hem,nat,0.2942,146.9851228,20,7.10124366,27.3401023,-13.13761498,54.33936343,60.17375947,48.5049674,-9.211958377,13.21841751,-31.64233426
NC2H_1,nonaxenic,control,hem,lab,0.2942,4180.89463,20,4041.010751,4061.24961,4020.771893,9772.922315,9778.756711,9767.087919,24412.19267,24434.62305,24389.7623
NC3,nonaxenic,control,sal,nat,0.0709,543.5648954,20,-36.88414893,47.09712347,-120.8654213,101.0216095,125.2314729,76.81174616,20.51763665,113.5926238,-72.55735046
NC3,nonaxenic,control,sal,lab,0.0709,7804.641166,20,7224.192122,7308.173395,7140.21085,36161.57285,36185.78271,36137.36299,80846.97478,80940.04977,80753.8998
NC3F,nonaxenic,control,fat,nat,0.0721,935.2558921,20,364.4675808,447.0511067,281.884055,173.9655457,197.772471,150.1586204,-10.27835531,81.24753354,-101.8042442
NC3F,nonaxenic,control,fat,lab,0.0721,8884.506021,20,8313.71771,8396.301236,8231.134184,89746.41012,89770.21705,89722.6032,439483.7912,439575.3171,439392.2653
NC3H,nonaxenic,control,hem,nat,0.1015,479.4477422,20,73.99121762,132.653998,15.32843719,5.380280476,22.29140672,-11.53084576,-47.60140587,17.41353586,-112.6163476
NC3H,nonaxenic,control,hem,lab,0.1015,10452.76192,20,10047.3054,10105.96818,9988.642616,73654.42758,73671.3387,73637.51645,285.0355284,350.0504702,220.0205867
NI2,nonaxenic,indole,sal,nat,0.0783,443.2611133,20,-82.33067786,-6.286332872,-158.3750229,11.10453402,33.02636433,-10.81729629,12463.79715,12548.07578,12379.51852
NI2,nonaxenic,indole,sal,lab,0.0783,14277.85993,20,13752.26814,13828.31249,13676.2238,57351.67592,57373.59775,57329.75409,270.9592634,355.2378916,186.6806352
NI2F,nonaxenic,indole,fat,nat,0.0775,685.3182685,20,154.3010138,231.1303326,77.47169489,45.23250978,67.38062995,23.08438961,19529.02336,19614.17196,19443.87476
NI2F,nonaxenic,indole,fat,lab,0.0775,18945.2173,20,18414.20004,18491.02936,18337.37073,236062.6156,236084.7637,236040.4675,1243.044697,1328.193298,1157.896096
NI2H,nonaxenic,indole,hem,nat,0.1073,481.605457,20,98.06550131,153.5573206,42.57368199,-4.794010022,11.20300129,-20.79102133,4949.166249,5010.666869,4887.665628
NI2H,nonaxenic,indole,hem,lab,0.1073,2718.68186,20,2335.141905,2390.633724,2279.650085,263.7103745,279.7073858,247.7133632,35369.72104,35431.22166,35308.22042
NS3A_B,nonaxenic,salicylic,sal,nat,0.0601,587.4245845,20,-97.33144291,1.741306053,-196.4041919,9782.23601,9810.796398,9753.675622,26.00848449,135.8090932,-83.79212426
NS3A_B,nonaxenic,salicylic,sal,lab,0.0601,13121.08831,20,12436.33228,12535.40503,12337.25953,1168.077681,1196.638069,1139.517293,110196.9735,110306.7741,110087.1729
NS3BF,nonaxenic,salicylic,fat,nat,0.0533,1256.776147,20,484.6591259,596.3715502,372.9467017,9684.462649,9716.666763,9652.258534,2.066933816,125.8758754,-121.7420078
NS3BF,nonaxenic,salicylic,fat,lab,0.0533,16374.69852,20,15602.5815,15714.29392,15490.86907,2622.978276,2655.182391,2590.774162,449567.9725,449691.7815,449444.1636
NS3BH,nonaxenic,salicylic,hem,nat,0.1095,456.5542689,20,80.72013879,135.097054,26.3432236,2979.483487,2995.159097,2963.807877,-34.90702272,25.35796893,-95.17201437
NS3BH,nonaxenic,salicylic,hem,lab,0.1095,26472.85758,20,26097.02345,26151.40036,26042.64653,17798.08032,17813.75593,17782.40471,#DIV/0!,#DIV/0!,#DIV/0!
